item_id,order_id,product_id,quantity,unit_price,discount_percent
ITEM_00001,ORD_00246,PROD_0022,4,38.21,2.93
ITEM_00002,ORD_00435,PROD_0512,9,651.02,22.21
ITEM_00003,ORD_00190,PROD_0057,1,472.93,6.67
ITEM_00004,ORD_00557,PROD_0275,5,453.82,0.0
ITEM_00005,ORD_00093,PROD_0003,6,463.32,23.14
ITEM_00006,ORD_00534,PROD_0190,9,645.88,72.0
ITEM_00007,ORD_00440,PROD_0111,3,722.98,0.0
ITEM_00008,ORD_00265,PROD_0289,1,17.0,0.0
ITEM_00009,ORD_00157,PROD_0086,4,328.48,0.0
ITEM_00010,ORD_00221,PROD_0463,8,473.4,0.0
ITEM_00011,ORD_00413,PROD_0076,2,343.58,0.0
ITEM_00012,ORD_00181,PROD_0537,2,684.16,0.0
ITEM_00013,ORD_00265,PROD_0514,7,40.95,0.0
ITEM_00014,ORD_00493,PROD_0504,1,489.34,0.0
ITEM_00015,ORD_00219,PROD_0552,8,626.93,0.0
ITEM_00016,ORD_00455,PROD_0043,3,316.23,5.33
ITEM_00017,ORD_00575,PROD_0492,3,672.55,79.99
ITEM_00018,ORD_00371,PROD_0543,-3,394.84,0.0
ITEM_00019,ORD_00415,PROD_0262,6,39.13,0.0
ITEM_00020,ORD_00312,PROD_0372,8,717.46,0.0
ITEM_00021,ORD_00528,PROD_0214,7,586.41,37.01
ITEM_00022,ORD_00354,PROD_0418,2,415.21,65.71
ITEM_00023,ORD_00138,PROD_0114,5,309.71,41.43
ITEM_00024,ORD_00137,PROD_0344,7,243.15,0.0
ITEM_00025,ORD_00599,PROD_0039,10,360.7,27.41
ITEM_00026,ORD_00064,PROD_0097,9,223.03,70.35
ITEM_00027,ORD_00103,PROD_0197,6,619.1,96.88
ITEM_00028,ORD_00415,PROD_0127,8,374.98,36.28
ITEM_00029,ORD_00451,PROD_0258,8,105.79,0.0
ITEM_00031,ORD_00321,PROD_0354,7,486.38,0.0
ITEM_00032,ORD_00156,PROD_0454,5,127.49,0.0
ITEM_00033,ORD_00545,PROD_0180,5,332.71,0.0
ITEM_00034,ORD_00470,PROD_0191,8,475.78,6.39
ITEM_00036,ORD_00179,PROD_0453,5,606.22,0.0
ITEM_00037,ORD_00446,PROD_0141,4,197.18,39.39
ITEM_00038,ORD_00048,PROD_0448,6,148.01,0.0
ITEM_00039,ORD_00317,PROD_0363,9,215.67,14.49
ITEM_00040,ORD_00539,PROD_0395,7,23.18,56.85
ITEM_00041,ORD_00333,PROD_0231,8,499.02,0.0
ITEM_00042,ORD_00376,PROD_0544,6,532.53,0.0
ITEM_00043,ORD_00400,PROD_0391,1,46.55,0.0
ITEM_00044,ORD_00126,PROD_0392,7,224.36,0.0
ITEM_00045,ORD_00596,PROD_0319,-4,424.46,0.0
ITEM_00046,ORD_00020,PROD_0464,8,630.17,26.58
ITEM_00047,ORD_00162,PROD_0363,4,351.1,2.12
ITEM_00048,ORD_00200,PROD_0148,1,781.45,13.96
ITEM_00049,ORD_00388,PROD_0082,8,460.64,6.81
ITEM_00050,ORD_00395,PROD_0204,3,111.1,0.0
ITEM_00051,ORD_00194,PROD_0449,1,694.63,0.0
ITEM_00052,ORD_00463,PROD_0540,9,86.08,0.0
ITEM_00053,ORD_00303,PROD_0094,-5,422.35,0.0
ITEM_00054,ORD_00119,PROD_0415,8,35.5,54.38
ITEM_00055,ORD_00395,PROD_0332,7,499.27,0.0
ITEM_00056,ORD_00120,PROD_0386,3,62.8,0.0
ITEM_00057,ORD_00596,PROD_0004,1,460.79,0.0
ITEM_00058,ORD_00447,PROD_0481,4,507.21,0.0
ITEM_00059,ORD_00371,PROD_0328,7,521.45,95.52
ITEM_00060,ORD_00547,PROD_0397,4,413.54,0.0
ITEM_00061,ORD_00050,PROD_0148,6,617.36,0.0
ITEM_00062,ORD_00362,PROD_0296,1,174.04,0.0
ITEM_00063,ORD_00138,PROD_0011,3,209.14,0.0
ITEM_00064,ORD_00069,PROD_0340,7,177.89,0.0
ITEM_00066,ORD_00118,PROD_0567,8,70.67,0.0
ITEM_00067,ORD_00248,PROD_0576,9,385.64,0.0
ITEM_00068,ORD_00404,PROD_0487,7,781.09,0.0
ITEM_00069,ORD_00068,PROD_0560,2,48.63,76.28
ITEM_00070,ORD_00392,PROD_0178,5,451.41,0.0
ITEM_00071,ORD_00242,PROD_0519,6,756.63,45.36
ITEM_00072,ORD_00416,PROD_0296,2,168.49,40.28
ITEM_00073,ORD_00391,PROD_0043,5,740.65,0.0
ITEM_00074,ORD_00558,PROD_0473,8,31.42,86.16
ITEM_00075,ORD_00475,PROD_0165,4,92.94,0.0
ITEM_00076,ORD_00464,PROD_0287,5,253.53,27.46
ITEM_00077,ORD_00230,PROD_0568,1,739.2,0.0
ITEM_00078,ORD_00281,PROD_0486,4,681.67,8.93
ITEM_00079,ORD_00398,PROD_0406,5,81.81,0.0
ITEM_00080,ORD_00298,PROD_0589,10,562.67,0.0
ITEM_00081,ORD_00437,PROD_0365,2,391.21,22.86
ITEM_00082,ORD_00299,PROD_0380,3,556.95,0.0
ITEM_00083,ORD_00226,PROD_0391,7,539.35,0.0
ITEM_00084,ORD_00558,PROD_0085,9,127.75,0.0
ITEM_00086,ORD_00530,PROD_0169,1,396.74,0.0
ITEM_00087,ORD_00483,PROD_0052,10,716.17,59.54
ITEM_00088,ORD_00485,PROD_0371,-3,587.35,32.38
ITEM_00089,ORD_00576,PROD_0048,10,79.18,0.0
ITEM_00090,ORD_00351,PROD_0262,3,480.72,0.0
ITEM_00091,ORD_00289,PROD_0273,10,224.2,0.0
ITEM_00092,ORD_00026,PROD_0268,6,500.42,0.0
ITEM_00093,ORD_00087,PROD_0294,2,724.38,0.0
ITEM_00094,ORD_00415,PROD_0158,1,21.08,0.0
ITEM_00095,ORD_00102,PROD_0137,9,461.72,0.0
ITEM_00096,ORD_00539,PROD_0276,9,620.25,0.0
ITEM_00097,ORD_00433,PROD_0261,3,785.73,0.0
ITEM_00098,ORD_00371,PROD_0448,1,436.0,0.0
ITEM_00099,ORD_00055,PROD_0369,2,286.18,0.0
ITEM_00100,ORD_00265,PROD_0394,3,747.49,38.55
ITEM_00102,ORD_00430,PROD_0406,7,172.07,0.0
ITEM_00103,ORD_00147,PROD_0571,4,465.07,5.03
ITEM_00104,ORD_00497,PROD_0539,2,136.01,0.0
ITEM_00106,ORD_00248,PROD_0099,8,99.94,67.22
ITEM_00107,ORD_00488,PROD_0287,8,462.81,0.0
ITEM_00108,ORD_00142,PROD_0287,7,623.72,96.97
ITEM_00109,ORD_00150,PROD_0590,3,691.56,0.0
ITEM_00110,ORD_00088,PROD_0101,1,36.87,0.0
ITEM_00111,ORD_00102,PROD_0393,10,268.19,0.0
ITEM_00112,ORD_00024,PROD_0352,7,34.5,0.0
ITEM_00113,ORD_00022,PROD_0302,3,728.02,55.26
ITEM_00114,ORD_00259,PROD_0302,2,231.63,20.92
ITEM_00115,ORD_00133,PROD_0544,3,38.2,0.0
ITEM_00116,ORD_00339,PROD_0524,4,410.52,0.0
ITEM_00117,ORD_00201,PROD_0200,5,59.02,0.0
ITEM_00118,ORD_00112,PROD_0510,6,163.54,92.14
ITEM_00119,ORD_00483,PROD_0590,7,57.2,16.41
ITEM_00120,ORD_00324,PROD_0508,4,261.62,0.0
ITEM_00122,ORD_00119,PROD_0334,3,786.07,0.0
ITEM_00123,ORD_00552,PROD_0023,10,353.59,51.42
ITEM_00125,ORD_00467,PROD_0428,10,287.39,0.0
ITEM_00126,ORD_00038,PROD_0573,3,487.2,0.0
ITEM_00127,ORD_00016,PROD_0564,1,547.62,50.6
ITEM_00128,ORD_00173,PROD_0306,6,702.91,0.0
ITEM_00129,ORD_00429,PROD_0217,2,799.8,81.65
ITEM_00130,ORD_00562,PROD_0305,6,408.36,0.0
ITEM_00131,ORD_00533,PROD_0520,5,120.57,0.0
ITEM_00132,ORD_00576,PROD_0209,5,629.81,0.0
ITEM_00133,ORD_00128,PROD_0421,9,195.65,0.0
ITEM_00134,ORD_00224,PROD_0566,1,42.24,0.0
ITEM_00135,ORD_00105,PROD_0566,3,27.77,90.23
ITEM_00136,ORD_00083,PROD_0044,3,620.07,34.16
ITEM_00137,ORD_00474,PROD_0437,3,151.65,0.0
ITEM_00139,ORD_00041,PROD_0412,9,158.12,0.0
ITEM_00140,ORD_00224,PROD_0007,4,201.09,0.71
ITEM_00141,ORD_00466,PROD_0352,9,718.02,0.0
ITEM_00142,ORD_00331,PROD_0157,6,256.97,27.26
ITEM_00143,ORD_00291,PROD_0215,10,276.11,0.0
ITEM_00144,ORD_00009,PROD_0396,6,524.03,0.0
ITEM_00145,ORD_00032,PROD_0285,9,89.16,0.0
ITEM_00146,ORD_00540,PROD_0380,5,639.57,0.0
ITEM_00148,ORD_00092,PROD_0027,6,597.26,0.0
ITEM_00149,ORD_00224,PROD_0535,8,567.52,0.0
ITEM_00150,ORD_00305,PROD_0549,-5,488.66,0.0
ITEM_00151,ORD_00566,PROD_0580,10,713.95,0.0
ITEM_00152,ORD_00391,PROD_0090,6,191.57,95.25
ITEM_00153,ORD_00299,PROD_0450,10,74.66,72.2
ITEM_00154,ORD_00165,PROD_0561,4,595.11,0.0
ITEM_00155,ORD_00492,PROD_0600,4,583.82,34.22
ITEM_00156,ORD_00232,PROD_0164,9,643.64,0.0
ITEM_00157,ORD_00565,PROD_0261,7,23.54,0.0
ITEM_00158,ORD_00431,PROD_0291,3,377.79,54.35
ITEM_00159,ORD_00108,PROD_0419,9,491.03,0.0
ITEM_00160,ORD_00265,PROD_0247,3,637.36,0.0
ITEM_00161,ORD_00543,PROD_0449,4,107.34,21.5
ITEM_00163,ORD_00550,PROD_0166,7,114.21,63.62
ITEM_00164,ORD_00401,PROD_0432,4,607.15,0.0
ITEM_00165,ORD_00396,PROD_0112,10,448.97,27.95
ITEM_00166,ORD_00052,PROD_0156,9,30.54,0.0
ITEM_00167,ORD_00229,PROD_0084,9,72.67,0.0
ITEM_00168,ORD_00347,PROD_0031,7,735.53,38.09
ITEM_00169,ORD_00435,PROD_0481,1,592.41,0.0
ITEM_00170,ORD_00515,PROD_0023,2,39.39,34.42
ITEM_00171,ORD_00087,PROD_0437,2,694.82,0.0
ITEM_00172,ORD_00330,PROD_0401,10,764.73,0.0
ITEM_00173,ORD_00554,PROD_0297,5,628.8,0.0
ITEM_00174,ORD_00569,PROD_0322,3,759.41,0.0
ITEM_00175,ORD_00568,PROD_0297,6,629.34,0.0
ITEM_00177,ORD_00399,PROD_0135,5,394.51,0.0
ITEM_00178,ORD_00255,PROD_0543,2,786.21,23.81
ITEM_00179,ORD_00286,PROD_0440,1,657.27,0.0
ITEM_00180,ORD_00311,PROD_0107,6,88.19,98.17
ITEM_00181,ORD_00187,PROD_0472,7,599.52,56.99
ITEM_00182,ORD_00338,PROD_0456,7,414.54,0.0
ITEM_00183,ORD_00556,PROD_0487,2,490.04,0.0
ITEM_00184,ORD_00481,PROD_0088,7,625.83,78.67
ITEM_00185,ORD_00365,PROD_0226,6,786.43,0.0
ITEM_00186,ORD_00483,PROD_0170,9,385.53,0.0
ITEM_00187,ORD_00207,PROD_0220,4,97.55,42.21
ITEM_00188,ORD_00110,PROD_0184,7,444.25,0.0
ITEM_00189,ORD_00106,PROD_0581,9,218.83,18.81
ITEM_00190,ORD_00177,PROD_0113,10,316.56,0.0
ITEM_00191,ORD_00104,PROD_0529,6,557.67,0.0
ITEM_00192,ORD_00091,PROD_0548,8,299.98,27.7
ITEM_00193,ORD_00454,PROD_0026,4,16.11,0.0
ITEM_00194,ORD_00311,PROD_0484,3,799.24,0.0
ITEM_00195,ORD_00292,PROD_0240,3,733.02,0.0
ITEM_00196,ORD_00421,PROD_0072,1,665.51,0.0
ITEM_00197,ORD_00186,PROD_0494,1,332.93,0.0
ITEM_00198,ORD_00517,PROD_0119,3,669.36,0.0
ITEM_00199,ORD_00328,PROD_0438,5,438.89,0.0
ITEM_00202,ORD_00087,PROD_0094,1,520.73,0.0
ITEM_00203,ORD_00093,PROD_0048,8,698.27,37.44
ITEM_00204,ORD_00334,PROD_0123,3,349.92,0.0
ITEM_00205,ORD_00377,PROD_0246,8,782.7,0.0
ITEM_00206,ORD_00345,PROD_0209,7,573.63,77.93
ITEM_00207,ORD_00427,PROD_0463,3,213.37,90.74
ITEM_00208,ORD_00075,PROD_0072,1,403.0,0.0
ITEM_00209,ORD_00235,PROD_0280,5,269.07,0.0
ITEM_00210,ORD_00385,PROD_0354,7,601.15,84.62
ITEM_00211,ORD_00222,PROD_0339,2,598.05,0.0
ITEM_00212,ORD_00286,PROD_0203,-1,790.55,0.0
ITEM_00213,ORD_00055,PROD_0025,7,190.14,0.0
ITEM_00214,ORD_00156,PROD_0357,10,414.32,86.46
ITEM_00215,ORD_00594,PROD_0052,5,641.76,0.0
ITEM_00216,ORD_00582,PROD_0427,8,393.2,43.13
ITEM_00217,ORD_00322,PROD_0553,6,694.7,0.0
ITEM_00218,ORD_00034,PROD_0047,10,720.05,0.0
ITEM_00219,ORD_00329,PROD_0179,6,170.38,0.0
ITEM_00220,ORD_00182,PROD_0122,8,194.98,74.56
ITEM_00221,ORD_00424,PROD_0070,1,220.15,0.0
ITEM_00222,ORD_00313,PROD_0133,2,557.23,9.75
ITEM_00223,ORD_00003,PROD_0247,4,769.05,0.0
ITEM_00224,ORD_00441,PROD_0136,5,34.78,0.0
ITEM_00225,ORD_00172,PROD_0390,-2,131.4,89.66
ITEM_00226,ORD_00176,PROD_0502,10,180.04,0.0
ITEM_00227,ORD_00501,PROD_0371,3,132.07,0.0
ITEM_00228,ORD_00317,PROD_0049,10,217.62,0.0
ITEM_00230,ORD_00278,PROD_0326,2,76.47,0.0
ITEM_00231,ORD_00112,PROD_0325,2,35.12,0.0
ITEM_00232,ORD_00543,PROD_0445,9,638.16,0.0
ITEM_00233,ORD_00386,PROD_0405,9,16.0,0.0
ITEM_00234,ORD_00204,PROD_0137,2,493.66,60.21
ITEM_00235,ORD_00491,PROD_0484,9,595.42,82.07
ITEM_00236,ORD_00251,PROD_0063,6,452.89,0.0
ITEM_00237,ORD_00293,PROD_0131,5,575.32,0.0
ITEM_00238,ORD_00331,PROD_0242,7,647.5,0.0
ITEM_00239,ORD_00405,PROD_0307,10,764.75,0.0
ITEM_00240,ORD_00237,PROD_0169,5,190.18,0.0
ITEM_00242,ORD_00022,PROD_0169,3,797.24,0.0
ITEM_00243,ORD_00339,PROD_0600,9,745.39,78.98
ITEM_00244,ORD_00556,PROD_0228,3,629.59,0.0
ITEM_00245,ORD_00049,PROD_0557,8,52.15,0.0
ITEM_00246,ORD_00061,PROD_0391,4,486.39,0.0
ITEM_00247,ORD_00598,PROD_0129,1,619.1,0.0
ITEM_00248,ORD_00018,PROD_0135,2,656.32,0.0
ITEM_00250,ORD_00019,PROD_0377,7,217.93,0.0
ITEM_00251,ORD_00568,PROD_0471,3,308.55,0.0
ITEM_00252,ORD_00301,PROD_0559,1,624.88,0.0
ITEM_00253,ORD_00366,PROD_0315,8,777.62,64.25
ITEM_00254,ORD_00561,PROD_0402,1,17.0,0.0
ITEM_00255,ORD_00055,PROD_0164,4,462.56,0.0
ITEM_00256,ORD_00538,PROD_0487,2,676.43,63.93
ITEM_00257,ORD_00146,PROD_0575,10,179.15,0.0
ITEM_00258,ORD_00539,PROD_0138,4,528.46,0.0
ITEM_00259,ORD_00059,PROD_0140,7,504.91,0.0
ITEM_00260,ORD_00257,PROD_0124,8,662.16,35.94
ITEM_00261,ORD_00071,PROD_0414,9,291.83,0.0
ITEM_00262,ORD_00232,PROD_0515,9,30.78,0.0
ITEM_00263,ORD_00431,PROD_0517,3,591.42,0.0
ITEM_00264,ORD_00600,PROD_0423,4,302.62,6.4
ITEM_00265,ORD_00054,PROD_0475,4,573.41,0.0
ITEM_00266,ORD_00083,PROD_0509,8,409.91,0.0
ITEM_00267,ORD_00348,PROD_0388,1,385.62,0.0
ITEM_00268,ORD_00419,PROD_0181,6,735.86,0.0
ITEM_00269,ORD_00235,PROD_0514,7,223.75,0.0
ITEM_00270,ORD_00190,PROD_0307,7,346.85,95.06
ITEM_00271,ORD_00226,PROD_0361,8,162.96,0.0
ITEM_00272,ORD_00459,PROD_0149,4,402.35,0.0
ITEM_00273,ORD_00103,PROD_0510,9,283.3,0.0
ITEM_00274,ORD_00483,PROD_0509,8,162.78,0.0
ITEM_00275,ORD_00200,PROD_0163,7,778.61,0.0
ITEM_00276,ORD_00401,PROD_0278,3,459.16,0.0
ITEM_00278,ORD_00540,PROD_0356,9,357.13,0.0
ITEM_00279,ORD_00296,PROD_0055,7,123.82,0.0
ITEM_00280,ORD_00125,PROD_0247,6,491.41,0.0
ITEM_00281,ORD_00572,PROD_0056,10,173.95,0.0
ITEM_00282,ORD_00053,PROD_0353,-5,460.7,26.32
ITEM_00283,ORD_00427,PROD_0082,9,226.9,0.0
ITEM_00284,ORD_00399,PROD_0141,2,341.67,0.0
ITEM_00285,ORD_00094,PROD_0316,6,500.27,0.0
ITEM_00286,ORD_00460,PROD_0075,7,669.11,0.0
ITEM_00287,ORD_00320,PROD_0215,10,311.16,0.0
ITEM_00288,ORD_00253,PROD_0238,6,108.46,0.0
ITEM_00289,ORD_00362,PROD_0072,1,32.64,0.0
ITEM_00290,ORD_00430,PROD_0375,1,527.04,0.0
ITEM_00291,ORD_00236,PROD_0220,4,15.73,70.45
ITEM_00292,ORD_00459,PROD_0546,6,576.92,0.0
ITEM_00293,ORD_00116,PROD_0326,9,48.84,0.0
ITEM_00294,ORD_00522,PROD_0272,10,331.24,0.0
ITEM_00295,ORD_00384,PROD_0509,5,152.99,18.72
ITEM_00296,ORD_00430,PROD_0318,5,341.05,0.0
ITEM_00297,ORD_00282,PROD_0146,9,37.97,0.0
ITEM_00298,ORD_00546,PROD_0529,2,556.67,0.0
ITEM_00299,ORD_00465,PROD_0474,3,757.28,22.17
ITEM_00300,ORD_00535,PROD_0532,3,54.41,0.0
ITEM_00301,ORD_00187,PROD_0446,7,66.4,0.0
ITEM_00302,ORD_00297,PROD_0492,9,394.42,94.78
ITEM_00304,ORD_00171,PROD_0593,9,440.88,97.19
ITEM_00305,ORD_00580,PROD_0428,8,169.91,0.0
ITEM_00306,ORD_00079,PROD_0547,7,205.79,0.0
ITEM_00307,ORD_00597,PROD_0118,9,692.79,0.0
ITEM_00308,ORD_00555,PROD_0228,10,328.04,36.1
ITEM_00309,ORD_00177,PROD_0435,6,150.1,36.39
ITEM_00310,ORD_00095,PROD_0207,1,533.82,0.0
ITEM_00311,ORD_00016,PROD_0461,6,326.82,0.0
ITEM_00312,ORD_00484,PROD_0037,6,313.22,0.0
ITEM_00313,ORD_00382,PROD_0306,4,93.79,0.0
ITEM_00314,ORD_00335,PROD_0001,9,122.74,0.0
ITEM_00315,ORD_00395,PROD_0009,8,350.87,0.0
ITEM_00316,ORD_00208,PROD_0383,10,582.67,0.0
ITEM_00317,ORD_00479,PROD_0420,7,217.11,0.0
ITEM_00318,ORD_00129,PROD_0082,1,491.17,82.12
ITEM_00319,ORD_00589,PROD_0585,1,304.54,71.15
ITEM_00320,ORD_00113,PROD_0225,10,125.04,0.0
ITEM_00321,ORD_00031,PROD_0181,3,121.13,0.0
ITEM_00322,ORD_00576,PROD_0184,4,760.26,0.0
ITEM_00323,ORD_00322,PROD_0355,3,675.12,0.0
ITEM_00324,ORD_00529,PROD_0160,6,57.67,29.0
ITEM_00325,ORD_00202,PROD_0061,1,742.02,41.69
ITEM_00327,ORD_00538,PROD_0127,1,292.36,55.7
ITEM_00328,ORD_00103,PROD_0458,1,106.02,65.75
ITEM_00329,ORD_00311,PROD_0233,8,158.17,90.64
ITEM_00330,ORD_00449,PROD_0247,8,428.93,29.03
ITEM_00331,ORD_00065,PROD_0149,5,52.96,0.0
ITEM_00332,ORD_00143,PROD_0470,2,365.28,0.0
ITEM_00333,ORD_00182,PROD_0197,2,44.9,75.99
ITEM_00334,ORD_00369,PROD_0054,3,116.34,0.0
ITEM_00335,ORD_00082,PROD_0354,5,248.31,0.0
ITEM_00336,ORD_00054,PROD_0163,5,94.91,0.0
ITEM_00337,ORD_00497,PROD_0424,8,372.66,0.0
ITEM_00338,ORD_00427,PROD_0481,6,734.39,0.0
ITEM_00339,ORD_00474,PROD_0154,6,149.6,0.0
ITEM_00340,ORD_00319,PROD_0204,4,122.38,0.0
ITEM_00341,ORD_00421,PROD_0148,1,492.2,0.0
ITEM_00342,ORD_00196,PROD_0292,10,383.89,58.54
ITEM_00343,ORD_00124,PROD_0063,8,549.91,0.0
ITEM_00344,ORD_00343,PROD_0333,5,10.21,0.0
ITEM_00345,ORD_00557,PROD_0553,5,172.67,25.4
ITEM_00346,ORD_00052,PROD_0093,2,469.55,90.24
ITEM_00347,ORD_00185,PROD_0515,1,64.63,0.0
ITEM_00348,ORD_00430,PROD_0384,10,570.06,68.6
ITEM_00349,ORD_00459,PROD_0058,1,281.83,0.0
ITEM_00350,ORD_00339,PROD_0160,6,310.33,0.0
ITEM_00351,ORD_00238,PROD_0521,-5,486.2,12.78
ITEM_00352,ORD_00522,PROD_0258,3,141.11,0.0
ITEM_00353,ORD_00038,PROD_0464,4,629.31,0.0
ITEM_00354,ORD_00405,PROD_0522,6,593.79,0.0
ITEM_00355,ORD_00284,PROD_0266,1,553.7,23.89
ITEM_00356,ORD_00374,PROD_0175,5,86.92,91.94
ITEM_00357,ORD_00197,PROD_0245,9,257.72,64.24
ITEM_00358,ORD_00189,PROD_0271,5,155.84,63.91
ITEM_00359,ORD_00504,PROD_0293,8,637.09,0.0
ITEM_00361,ORD_00589,PROD_0210,3,292.86,0.0
ITEM_00362,ORD_00146,PROD_0392,2,478.91,8.95
ITEM_00363,ORD_00416,PROD_0285,1,723.39,64.72
ITEM_00364,ORD_00433,PROD_0159,6,263.74,7.74
ITEM_00365,ORD_00187,PROD_0207,5,667.51,0.0
ITEM_00366,ORD_00254,PROD_0444,8,39.43,0.0
ITEM_00367,ORD_00218,PROD_0181,8,179.12,0.0
ITEM_00368,ORD_00032,PROD_0015,1,760.87,0.0
ITEM_00369,ORD_00537,PROD_0136,4,663.08,0.0
ITEM_00370,ORD_00510,PROD_0012,6,393.9,45.36
ITEM_00371,ORD_00219,PROD_0290,10,389.68,0.0
ITEM_00372,ORD_00113,PROD_0330,1,700.1,58.42
ITEM_00373,ORD_00420,PROD_0315,4,321.78,57.87
ITEM_00374,ORD_00440,PROD_0589,8,645.97,68.15
ITEM_00375,ORD_00524,PROD_0368,10,225.9,0.0
ITEM_00376,ORD_00430,PROD_0459,3,659.33,0.0
ITEM_00377,ORD_00572,PROD_0282,6,436.75,0.0
ITEM_00378,ORD_00101,PROD_0290,1,633.85,0.0
ITEM_00379,ORD_00363,PROD_0405,8,455.04,0.0
ITEM_00380,ORD_00542,PROD_0413,5,643.62,0.0
ITEM_00381,ORD_00050,PROD_0494,8,127.79,0.0
ITEM_00382,ORD_00054,PROD_0015,4,40.87,0.0
ITEM_00383,ORD_00127,PROD_0278,3,535.41,23.08
ITEM_00384,ORD_00035,PROD_0383,7,712.48,0.0
ITEM_00385,ORD_00284,PROD_0228,9,245.41,82.19
ITEM_00386,ORD_00113,PROD_0235,8,39.66,0.0
ITEM_00387,ORD_00180,PROD_0161,2,483.65,0.0
ITEM_00388,ORD_00021,PROD_0094,7,248.95,0.0
ITEM_00389,ORD_00143,PROD_0425,1,117.97,0.0
ITEM_00390,ORD_00343,PROD_0359,2,91.96,0.0
ITEM_00391,ORD_00098,PROD_0518,2,568.53,41.51
ITEM_00392,ORD_00048,PROD_0161,-2,315.86,0.0
ITEM_00393,ORD_00369,PROD_0420,9,535.18,0.0
ITEM_00394,ORD_00333,PROD_0091,2,622.96,20.23
ITEM_00395,ORD_00259,PROD_0031,4,397.65,0.0
ITEM_00396,ORD_00169,PROD_0541,10,59.97,36.72
ITEM_00397,ORD_00441,PROD_0386,1,659.37,0.0
ITEM_00398,ORD_00594,PROD_0593,9,554.79,0.0
ITEM_00399,ORD_00509,PROD_0032,6,315.86,0.0
ITEM_00400,ORD_00094,PROD_0232,5,82.37,58.11
ITEM_00401,ORD_00038,PROD_0370,6,761.07,0.0
ITEM_00402,ORD_00186,PROD_0141,5,377.35,0.0
ITEM_00403,ORD_00128,PROD_0460,-4,203.75,0.0
ITEM_00404,ORD_00557,PROD_0215,6,170.19,0.0
ITEM_00405,ORD_00596,PROD_0172,8,688.14,0.0
ITEM_00406,ORD_00098,PROD_0231,5,568.47,0.0
ITEM_00407,ORD_00136,PROD_0136,10,143.5,0.0
ITEM_00408,ORD_00093,PROD_0243,8,208.85,0.0
ITEM_00409,ORD_00329,PROD_0015,6,273.66,0.0
ITEM_00410,ORD_00537,PROD_0162,8,194.82,0.0
ITEM_00411,ORD_00573,PROD_0505,4,540.88,0.0
ITEM_00412,ORD_00426,PROD_0024,10,686.64,0.0
ITEM_00413,ORD_00471,PROD_0216,9,501.23,0.0
ITEM_00414,ORD_00097,PROD_0035,1,100.37,95.37
ITEM_00415,ORD_00516,PROD_0319,8,105.9,17.93
ITEM_00416,ORD_00267,PROD_0590,1,247.41,0.0
ITEM_00417,ORD_00117,PROD_0413,7,452.75,0.0
ITEM_00418,ORD_00031,PROD_0488,5,162.5,0.0
ITEM_00419,ORD_00153,PROD_0316,10,627.81,0.0
ITEM_00420,ORD_00061,PROD_0101,10,770.58,0.0
ITEM_00421,ORD_00369,PROD_0211,6,708.24,0.0
ITEM_00422,ORD_00437,PROD_0161,3,593.67,0.0
ITEM_00423,ORD_00594,PROD_0153,8,511.98,0.0
ITEM_00424,ORD_00412,PROD_0011,5,191.01,1.95
ITEM_00425,ORD_00569,PROD_0250,6,497.17,0.0
ITEM_00427,ORD_00465,PROD_0149,5,33.62,0.0
ITEM_00428,ORD_00511,PROD_0287,4,420.61,0.0
ITEM_00429,ORD_00120,PROD_0447,-3,664.57,22.44
ITEM_00430,ORD_00517,PROD_0324,3,70.33,0.0
ITEM_00431,ORD_00323,PROD_0352,4,188.04,0.0
ITEM_00432,ORD_00152,PROD_0250,10,430.68,0.0
ITEM_00433,ORD_00153,PROD_0410,6,677.04,0.0
ITEM_00434,ORD_00136,PROD_0162,4,70.22,56.04
ITEM_00435,ORD_00360,PROD_0339,6,58.64,0.0
ITEM_00436,ORD_00208,PROD_0320,8,70.09,56.15
ITEM_00437,ORD_00345,PROD_0384,5,763.15,0.0
ITEM_00438,ORD_00470,PROD_0368,5,317.32,97.02
ITEM_00439,ORD_00333,PROD_0146,4,418.0,62.2
ITEM_00440,ORD_00177,PROD_0260,7,474.22,85.74
ITEM_00441,ORD_00196,PROD_0348,1,492.17,99.86
ITEM_00442,ORD_00382,PROD_0118,8,671.11,28.16
ITEM_00443,ORD_00335,PROD_0368,9,204.23,81.66
ITEM_00444,ORD_00010,PROD_0168,9,329.36,0.0
ITEM_00445,ORD_00382,PROD_0589,8,382.05,0.0
ITEM_00446,ORD_00474,PROD_0243,3,55.3,68.03
ITEM_00447,ORD_00566,PROD_0468,8,47.01,74.13
ITEM_00448,ORD_00468,PROD_0078,10,111.2,0.0
ITEM_00449,ORD_00473,PROD_0261,4,582.94,43.17
ITEM_00450,ORD_00450,PROD_0344,1,304.87,0.0
ITEM_00451,ORD_00269,PROD_0337,4,160.14,0.0
ITEM_00452,ORD_00067,PROD_0412,6,639.97,0.0
ITEM_00453,ORD_00005,PROD_0382,7,52.89,64.03
ITEM_00454,ORD_00373,PROD_0097,8,377.62,18.24
ITEM_00455,ORD_00078,PROD_0307,3,207.02,0.0
ITEM_00456,ORD_00125,PROD_0525,9,140.64,19.91
ITEM_00457,ORD_00335,PROD_0241,2,680.21,0.0
ITEM_00458,ORD_00285,PROD_0246,3,678.62,0.0
ITEM_00459,ORD_00277,PROD_0128,5,34.81,4.02
ITEM_00460,ORD_00138,PROD_0125,1,327.22,0.0
ITEM_00461,ORD_00525,PROD_0190,7,90.29,0.0
ITEM_00462,ORD_00565,PROD_0457,4,131.59,0.0
ITEM_00463,ORD_00313,PROD_0057,1,124.45,0.0
ITEM_00464,ORD_00310,PROD_0587,7,628.31,0.0
ITEM_00465,ORD_00324,PROD_0228,2,633.08,0.0
ITEM_00466,ORD_00325,PROD_0237,1,497.26,0.0
ITEM_00468,ORD_00561,PROD_0294,6,473.77,61.11
ITEM_00471,ORD_00402,PROD_0574,10,719.54,4.54
ITEM_00472,ORD_00140,PROD_0547,3,176.24,0.0
ITEM_00473,ORD_00060,PROD_0181,3,741.43,0.0
ITEM_00474,ORD_00329,PROD_0171,7,77.15,0.0
ITEM_00475,ORD_00422,PROD_0059,6,623.8,0.0
ITEM_00476,ORD_00203,PROD_0118,7,501.18,0.0
ITEM_00477,ORD_00516,PROD_0353,6,217.5,42.34
ITEM_00478,ORD_00062,PROD_0288,1,134.24,0.0
ITEM_00479,ORD_00353,PROD_0557,9,41.49,0.0
ITEM_00480,ORD_00112,PROD_0318,9,485.5,0.0
ITEM_00481,ORD_00231,PROD_0516,2,19.45,8.62
ITEM_00482,ORD_00409,PROD_0526,10,637.93,0.0
ITEM_00483,ORD_00453,PROD_0004,2,774.93,67.18
ITEM_00484,ORD_00151,PROD_0280,6,384.56,0.0
ITEM_00485,ORD_00568,PROD_0484,1,637.18,85.49
ITEM_00486,ORD_00233,PROD_0523,8,245.23,0.0
ITEM_00487,ORD_00011,PROD_0113,10,523.25,39.08
ITEM_00488,ORD_00467,PROD_0084,9,594.84,0.0
ITEM_00489,ORD_00437,PROD_0205,8,338.2,0.0
ITEM_00490,ORD_00093,PROD_0368,6,23.66,0.0
ITEM_00491,ORD_00298,PROD_0306,3,491.35,0.0
ITEM_00492,ORD_00202,PROD_0194,1,19.53,0.0
ITEM_00493,ORD_00305,PROD_0130,6,198.43,31.17
ITEM_00494,ORD_00062,PROD_0036,5,285.71,0.0
ITEM_00495,ORD_00177,PROD_0350,3,790.27,14.39
ITEM_00496,ORD_00227,PROD_0237,6,351.37,0.0
ITEM_00497,ORD_00131,PROD_0136,10,469.11,0.0
ITEM_00498,ORD_00074,PROD_0568,7,306.31,0.0
ITEM_00499,ORD_00573,PROD_0040,2,317.18,4.43
ITEM_00500,ORD_00297,PROD_0093,7,474.91,0.0
ITEM_00501,ORD_00455,PROD_0108,6,268.26,0.0
ITEM_00504,ORD_00275,PROD_0097,8,576.8,0.0
ITEM_00505,ORD_00116,PROD_0528,4,17.5,0.0
ITEM_00507,ORD_00449,PROD_0250,6,479.97,0.0
ITEM_00508,ORD_00147,PROD_0322,9,84.04,77.66
ITEM_00509,ORD_00350,PROD_0211,9,717.96,22.44
ITEM_00510,ORD_00041,PROD_0436,6,434.54,31.25
ITEM_00511,ORD_00460,PROD_0017,5,194.09,16.95
ITEM_00512,ORD_00047,PROD_0249,7,301.87,0.0
ITEM_00513,ORD_00465,PROD_0476,2,65.85,0.0
ITEM_00514,ORD_00513,PROD_0399,9,59.88,12.07
ITEM_00515,ORD_00546,PROD_0568,7,232.67,84.46
ITEM_00516,ORD_00219,PROD_0167,9,542.03,40.67
ITEM_00517,ORD_00249,PROD_0342,10,722.07,0.0
ITEM_00518,ORD_00270,PROD_0584,7,377.73,0.0
ITEM_00519,ORD_00558,PROD_0099,9,407.63,0.0
ITEM_00520,ORD_00225,PROD_0435,5,14.77,0.0
ITEM_00521,ORD_00578,PROD_0179,4,536.62,0.0
ITEM_00522,ORD_00363,PROD_0430,10,613.04,0.0
ITEM_00523,ORD_00564,PROD_0052,4,395.23,0.0
ITEM_00524,ORD_00085,PROD_0226,3,609.92,0.0
ITEM_00525,ORD_00181,PROD_0128,8,797.53,0.0
ITEM_00526,ORD_00430,PROD_0221,8,665.9,0.0
ITEM_00527,ORD_00471,PROD_0333,6,326.61,0.0
ITEM_00528,ORD_00538,PROD_0577,8,46.38,44.31
ITEM_00529,ORD_00250,PROD_0050,10,168.53,0.0
ITEM_00530,ORD_00031,PROD_0516,5,104.54,0.0
ITEM_00531,ORD_00467,PROD_0332,10,301.0,0.0
ITEM_00532,ORD_00217,PROD_0046,1,564.56,69.74
ITEM_00533,ORD_00120,PROD_0333,10,61.79,25.59
ITEM_00535,ORD_00231,PROD_0283,1,586.39,0.0
ITEM_00536,ORD_00516,PROD_0557,10,612.58,0.0
ITEM_00537,ORD_00235,PROD_0483,6,621.81,42.04
ITEM_00538,ORD_00438,PROD_0009,3,672.08,0.0
ITEM_00539,ORD_00093,PROD_0074,6,539.44,0.0
ITEM_00540,ORD_00207,PROD_0599,10,480.84,0.0
ITEM_00541,ORD_00122,PROD_0589,3,457.54,0.0
ITEM_00542,ORD_00141,PROD_0032,-4,672.79,3.81
ITEM_00543,ORD_00387,PROD_0386,10,431.01,0.0
ITEM_00544,ORD_00029,PROD_0546,3,297.29,90.82
ITEM_00545,ORD_00071,PROD_0589,9,549.37,0.0
ITEM_00546,ORD_00010,PROD_0541,2,69.68,0.0
ITEM_00547,ORD_00422,PROD_0498,4,250.44,0.0
ITEM_00548,ORD_00598,PROD_0120,3,448.91,87.02
ITEM_00549,ORD_00391,PROD_0553,1,748.58,0.0
ITEM_00550,ORD_00375,PROD_0348,10,565.11,43.91
ITEM_00551,ORD_00546,PROD_0224,8,612.25,0.0
ITEM_00552,ORD_00339,PROD_0125,5,91.03,0.0
ITEM_00553,ORD_00258,PROD_0366,9,14.03,0.0
ITEM_00554,ORD_00048,PROD_0260,9,718.9,0.0
ITEM_00555,ORD_00325,PROD_0008,6,51.27,0.0
ITEM_00556,ORD_00380,PROD_0236,10,523.95,0.0
ITEM_00557,ORD_00275,PROD_0524,9,775.6,31.63
ITEM_00558,ORD_00213,PROD_0566,9,113.48,0.0
ITEM_00559,ORD_00036,PROD_0545,1,627.42,0.0
ITEM_00560,ORD_00527,PROD_0533,7,765.89,0.0
ITEM_00561,ORD_00337,PROD_0346,2,302.89,0.0
ITEM_00562,ORD_00042,PROD_0084,-5,470.23,6.47
ITEM_00563,ORD_00036,PROD_0493,2,688.08,0.0
ITEM_00564,ORD_00148,PROD_0572,-2,686.82,0.0
ITEM_00565,ORD_00459,PROD_0444,6,670.18,87.69
ITEM_00566,ORD_00440,PROD_0400,2,410.72,0.0
ITEM_00567,ORD_00381,PROD_0386,6,381.4,44.77
ITEM_00568,ORD_00599,PROD_0091,9,55.62,0.0
ITEM_00569,ORD_00093,PROD_0386,4,89.9,25.72
ITEM_00570,ORD_00311,PROD_0152,10,614.97,0.0
ITEM_00571,ORD_00388,PROD_0592,9,111.29,0.0
ITEM_00572,ORD_00024,PROD_0188,3,223.14,0.0
ITEM_00573,ORD_00597,PROD_0450,9,25.44,0.0
ITEM_00575,ORD_00435,PROD_0534,5,364.71,17.3
ITEM_00576,ORD_00182,PROD_0277,6,112.01,0.0
ITEM_00577,ORD_00380,PROD_0163,9,576.97,0.0
ITEM_00578,ORD_00574,PROD_0429,7,338.81,46.33
ITEM_00579,ORD_00452,PROD_0400,7,371.87,17.46
ITEM_00580,ORD_00239,PROD_0299,4,181.42,0.0
ITEM_00581,ORD_00385,PROD_0021,6,714.58,67.83
ITEM_00582,ORD_00273,PROD_0513,10,76.13,0.0
ITEM_00583,ORD_00295,PROD_0241,4,490.13,0.0
ITEM_00584,ORD_00487,PROD_0411,1,73.85,0.0
ITEM_00585,ORD_00549,PROD_0114,10,82.57,0.0
ITEM_00586,ORD_00369,PROD_0193,7,129.17,26.55
ITEM_00587,ORD_00448,PROD_0573,10,372.49,64.09
ITEM_00588,ORD_00286,PROD_0508,7,637.45,0.0
ITEM_00589,ORD_00048,PROD_0243,7,329.46,84.5
ITEM_00590,ORD_00004,PROD_0408,7,683.48,0.0
ITEM_00591,ORD_00393,PROD_0196,2,45.52,0.0
ITEM_00592,ORD_00064,PROD_0100,8,713.15,97.16
ITEM_00594,ORD_00381,PROD_0393,5,41.4,0.0
ITEM_00595,ORD_00459,PROD_0244,2,413.11,0.0
ITEM_00596,ORD_00308,PROD_0490,7,254.72,0.0
ITEM_00597,ORD_00220,PROD_0557,6,638.75,0.0
ITEM_00598,ORD_00386,PROD_0082,1,710.08,0.0
ITEM_00599,ORD_00280,PROD_0590,9,396.16,12.79
ITEM_00600,ORD_00003,PROD_0270,8,366.06,0.0
